distance,from,to
0.02049149883608392,1,2
0.09662344516044485,1,3
0.04540743447661055,1,4
0.40849907294890610,1,5
0.02049149883608392,2,1
0.07613194632436093,2,3
0.06589893331269447,2,4
0.38800757411282216,2,5
0.09662344516044485,3,1
0.07613194632436093,3,2
0.14203087963705540,3,4
0.31187562778846123,3,5
0.04540743447661055,4,1
0.06589893331269447,4,2
0.14203087963705540,4,3
0.45390650742551664,4,5
0.40849907294890610,5,1
0.38800757411282216,5,2
0.31187562778846123,5,3
0.45390650742551664,5,4